Cluster,Player,Site
8,R0mix,888 Poker
8,crespo34991,888 Poker
8,melongarcia,888 Poker
8,DeepRedSea,888 Poker
8,kiilcwb,888 Poker
8,MARSHALxMAKC,888 Poker
8,bucurestean,888 Poker
8,lino11,888 Poker
8,SHADY_XV,888 Poker
8,Canelo01,888 Poker
8,MrBankShot90,888 Poker
8,ThiagoInho,888 Poker
8,Linbabay,888 Poker
8,JointOClock,888 Poker
8,morgan33334,888 Poker
8,darrling3121,888 Poker
8,LosAhuentos,888 Poker
8,vJans,888 Poker
8,FasterMike,888 Poker
8,vasalib,888 Poker
8,GGWP888,888 Poker
8,POKERACE95,888 Poker
8,h1karo666,888 Poker
8,Bolbrr,888 Poker
8,Kotletatut,888 Poker
8,yuznhnyy,888 Poker
8,DAEMON_Tools,888 Poker
8,timoha3262,888 Poker
8,Mixey202,888 Poker
8,zelenskj,888 Poker
8,Sylik111,888 Poker
8,YENOT,888 Poker
8,KorbenDalas,888 Poker
8,a1esana,888 Poker
8,frumentum,888 Poker
8,durd3nnn,888 Poker
8,NBAKing,888 Poker
8,Pupsik1992,888 Poker
8,SteamTrader,888 Poker
8,SashaBaka23,888 Poker
8,LeneDie,888 Poker
8,iPitcher,888 Poker
8,Lavraaa,888 Poker
8,DeniMvP,888 Poker
8,AK_borat,888 Poker
8,okagawa1,888 Poker
8,PivoMivo31,888 Poker
8,BRabbitino,888 Poker
8,kevin15027,888 Poker
8,otdai_xabar,888 Poker
8,pwpwpw94,888 Poker
8,Knoxtod,888 Poker
8,FreudTiltado,888 Poker
8,TreeOML14,888 Poker
8,QwinQ,888 Poker
8,arcrom14,888 Poker
8,McRAAK,888 Poker
8,AwesomePower,888 Poker
8,universeluci,888 Poker
8,NitronStar,888 Poker
8,Vad11,888 Poker
8,Alex.m.888,888 Poker
8,T1mpaGG,888 Poker
8,Laitman,888 Poker
8,JavelinUA,888 Poker
8,DmVau,888 Poker
8,ElDuroAtaque,888 Poker
8,LamaCarl,888 Poker
8,CarlosTevez,888 Poker
8,prodam_moped,888 Poker
8,olegbobir,888 Poker
8,vladuka007,888 Poker
8,Chapsta200,888 Poker
8,iDevilGirl,888 Poker
8,Whispering_w,888 Poker
8,Shtormez,888 Poker
8,fanatik221,888 Poker
8,CannabisPurA,888 Poker
8,BiIIiON,888 Poker
8,sharpshark,888 Poker
8,Kari7721,888 Poker
8,Tsokhla,888 Poker
8,haha_mUCK_IT,888 Poker
8,napTHep,888 Poker
8,paulo_neves,888 Poker
8,cringed,888 Poker
8,bispo21,888 Poker
8,Radzavas,888 Poker
8,Sam__TaKoy,888 Poker
8,svefngengl,888 Poker
8,Vazaika,888 Poker
8,Fint_,888 Poker
8,unstop,888 Poker
8,Electrob1rd,888 Poker
8,drholdem,888 Poker
8,Vitento,888 Poker
8,bargalinhas,888 Poker
8,Q1818,888 Poker
8,scrollyqq,888 Poker
8,XFPrime,888 Poker
8,AlysaG0p,888 Poker
8,Viachello,888 Poker
8,kingman_yes,888 Poker
8,Mistirio,888 Poker
8,Silvermelo,888 Poker
8,D.AQUINO92,888 Poker
8,Myko1a,888 Poker
8,farmer9,888 Poker
8,kugatsu8,888 Poker
8,iaric_,888 Poker
8,giwestin,888 Poker
8,Andrey200K,888 Poker
8,AlexLytvyn,888 Poker
8,John_McClane,888 Poker
8,temakinho,888 Poker
8,baranowoool,888 Poker
8,CurrD,888 Poker
8,PKbig,888 Poker
8,Mishkerino,888 Poker
8,llcooljuice,888 Poker
8,kingsluvan,888 Poker
8,jamesc127,888 Poker
8,BigSilva_19,888 Poker
8,PoZitivir,888 Poker
8,T0bik,888 Poker
8,pol_shin,888 Poker
8,Tighterinho,888 Poker
8,BeerShake,888 Poker
8,L.Messi,888 Poker
8,wOwRo0b,888 Poker
8,dntgivachain,888 Poker
8,Senjugg,888 Poker
8,Petrov764,888 Poker
8,TwiLightElf,888 Poker
8,eko4gg,888 Poker
8,Candreva7,888 Poker
8,Lutick,888 Poker
8,Bosyak1981,888 Poker
8,Linormai,888 Poker
8,ibent0che,888 Poker
8,Antontog,888 Poker
8,luckyunity,888 Poker
8,d0shik,888 Poker
8,TrueCollapse,888 Poker
8,Jdarby95.,888 Poker
8,Monserato,888 Poker
8,RandomEnergy,888 Poker
8,VladRon13,888 Poker
8,DjonyDep345,888 Poker
8,Unmoved44,888 Poker
8,IShlyahovsky,888 Poker
8,Texnolog204,888 Poker
8,LackyPunch,888 Poker
8,GyLIIN,888 Poker
8,UECplayer,888 Poker
8,cmsRio,888 Poker
8,thxmartins,888 Poker
8,MyNameIsICM,888 Poker
8,Dremdanya12,888 Poker
8,Zhuravliov,888 Poker
8,Sowaaa,888 Poker
8,Sht.St,888 Poker
8,diogodev,888 Poker
8,Django4587,888 Poker
8,Alexgamerk,888 Poker
8,Heckk,888 Poker
8,Vraaa,888 Poker
8,Scarlet_Flow,888 Poker
8,Heuristics,888 Poker
8,Vital_ya,888 Poker
8,BKAK171,888 Poker
8,Hsifreggirt,888 Poker
8,IpokerBoiiy,888 Poker
8,TheKyln,888 Poker
8,DmitroZZA,888 Poker
8,Miyamu,888 Poker
8,PlusEVonly,888 Poker
8,Mustolit,888 Poker
8,androsa27,888 Poker
8,JohnMcFree,888 Poker
8,__Tandem,888 Poker
8,Ezjob,888 Poker
8,satikae,888 Poker
8,t0nyshark,888 Poker
8,red1sc0,888 Poker
8,king2309,888 Poker
8,KKingKK476,888 Poker
8,Biglegas,888 Poker
8,pleasegowin,888 Poker
8,Malakovic,888 Poker
8,Kassir27,888 Poker
8,SamDman,888 Poker
8,alaskina,888 Poker
8,TiaoKarreiro,888 Poker
8,beefplt,888 Poker
8,Vozdushnii,888 Poker
8,TheSoouza,888 Poker
8,yiyii,888 Poker
8,Nabihcury,888 Poker
8,_DeGeNeRaDo_,888 Poker
8,opaopaopapa,888 Poker
8,brolexy,888 Poker
8,Dqueiroz97,888 Poker
8,UZUN94,888 Poker
8,Tilsitteam,888 Poker
8,SpectrAA,888 Poker
8,Hovichek,888 Poker
8,InTheAnd,888 Poker
8,Salvatore_G,888 Poker
8,YHWH7,888 Poker
8,bu11ets4w1n,888 Poker
8,DealDone22,888 Poker
8,Holdi,888 Poker
8,dymakom,888 Poker
8,pankri55,888 Poker
8,PivoSolver,888 Poker
8,alwaySsmilee,888 Poker
8,Malyjj,888 Poker
8,Akkerman24,888 Poker
8,Rodiao,888 Poker
8,tanquekosove,888 Poker
8,Igrindalot57,888 Poker
8,YevKobliuk,888 Poker
8,gunselger432,888 Poker
8,denisrez,888 Poker
8,LasttSinner2,888 Poker
8,zanarez,888 Poker
8,Ktuluuu,888 Poker
8,Stanimal14,888 Poker
8,VortexMorado,888 Poker
8,lonerka,888 Poker
8,PasHTeT25,888 Poker
8,DallastraJM,888 Poker
8,Berkut28,888 Poker
8,Ssv117,888 Poker
8,InTheMani,888 Poker
8,Icedice172,888 Poker
8,UrFisherman,888 Poker
8,Siltek,888 Poker
8,ElMagico33,888 Poker
8,299and1,888 Poker
8,MeioPhil,888 Poker
8,TeTeuEx,888 Poker
8,QiqiKung,888 Poker
8,AntonTsi,888 Poker
8,wp3k77,888 Poker
8,reoborot,888 Poker
8,pishirinka,888 Poker
8,Anone12,888 Poker
8,Fl4tbush20,888 Poker
8,pmilare08,888 Poker
8,kL33n,888 Poker
8,M.Baranov,888 Poker
8,iazinschiva,888 Poker
8,InterNetADD,888 Poker
8,deadputin,888 Poker
8,ant_cyber,888 Poker
8,Verminho,888 Poker
8,Tromchik,888 Poker
8,Specter.V.,888 Poker
8,BibaIvanovna,888 Poker
8,Medvin,888 Poker
8,Blade8848,888 Poker
8,mblwapa,888 Poker
8,TheLegendBR,888 Poker
8,PAYBILZBRUV,888 Poker
8,ZiGGuN7,888 Poker
8,PolPota7uu,888 Poker
8,Yurchik_11,888 Poker
8,brat4erenka,888 Poker
8,DrynPahuchii,888 Poker
8,gyurj,888 Poker
8,Rybka12,888 Poker
8,Talgat1,888 Poker
8,zxcdsaqwe,888 Poker
8,AngryOgr,888 Poker
8,Bazarnik,888 Poker
8,fish178,888 Poker
8,Engel.O,888 Poker
8,Antrage,888 Poker
8,JusT_SomEGuY,888 Poker
8,DimasPivas,888 Poker
8,FelKluivert,888 Poker
8,Stinson19,888 Poker
8,kasantin,888 Poker
8,CVriserio,888 Poker
8,Prodigy17x,888 Poker
8,Conskiy,888 Poker
8,Bluewoter,888 Poker
8,voktv,888 Poker
8,101funt186,888 Poker
8,thiagofs1808,888 Poker
8,Maxaranguape,888 Poker
8,K1dlucky,888 Poker
8,wers261,888 Poker
8,Arrivider4i,888 Poker
8,IBRAHIM027,888 Poker
8,Savch1n,888 Poker
8,ThirthMokla,888 Poker
8,Gromex_x,888 Poker
8,Smashyd,888 Poker
8,Osmanini20,888 Poker
8,Nike646,888 Poker
8,TitovSerj,888 Poker
8,Pararara,888 Poker
8,najinahas02,888 Poker
8,6eJlbluZ,888 Poker
8,Papushastik,888 Poker
8,pardonme13,888 Poker
8,MZaror2018,888 Poker
8,craigaces21,888 Poker
8,odnolya,888 Poker
8,KabanRoman08,888 Poker
8,Raferaaa,888 Poker
8,a_vish,888 Poker
8,Djmil,888 Poker
8,ProfaNic.,888 Poker
8,lucas.r,888 Poker
8,Cbpcbd,888 Poker
8,boyrom,888 Poker
8,DiabloSMV,888 Poker
8,19kenji88,888 Poker
8,Bogstedt,888 Poker
8,Swarowski,888 Poker
8,anzhei,888 Poker
8,Grazniylui24,888 Poker
8,FalenGod,888 Poker
8,raphaperfect,888 Poker
8,Joshywaah,888 Poker
8,Wolfgrey16,888 Poker
8,CbetSotka,888 Poker
8,normannolly,888 Poker
8,miroha,888 Poker
8,allogarage1,888 Poker
8,dutraa,888 Poker
8,vovandopalo,888 Poker
8,Daxa_All_In,888 Poker
8,Kreutz_,888 Poker
8,nikzanli,888 Poker
8,bellyi11,888 Poker
8,konvlo,888 Poker
8,mo3ok911,888 Poker
8,BayOleh,888 Poker
8,rulerr,888 Poker
8,Artem.dnep,888 Poker
8,LOMUS,888 Poker
8,kaiccosta,888 Poker
8,CptnJec,888 Poker
8,niko_1,888 Poker
8,RaphinhaAA,888 Poker
8,canchec111,888 Poker
8,otreborfc.,888 Poker
8,Plato16,888 Poker
8,LuKe77A,888 Poker
8,paulocastro2,888 Poker
8,okamakempo,888 Poker
8,lperenoei13,888 Poker
8,1Panda6,888 Poker
8,dududantas95,888 Poker
8,argintina,888 Poker
8,Zharok,888 Poker
8,BrokeDee,888 Poker
8,jorgepirasp,888 Poker
8,Vpzera14,888 Poker
8,KINGBONATTO,888 Poker
8,Fengdss,888 Poker
8,IloveSolana,888 Poker
8,sankovski,888 Poker
8,vingadoresx,888 Poker
8,moodduck,888 Poker
8,Fomov,888 Poker
8,vvv2216,888 Poker
8,rpuxa,888 Poker
8,swigorn1,888 Poker
8,BoJl4apa,888 Poker
8,41670,888 Poker
8,anhsirKeraH,888 Poker
8,EvSurgeon,888 Poker
8,Max0n123,888 Poker
8,SVBLACK,888 Poker
8,oklmboy221,888 Poker
8,dominiksh,888 Poker
8,MishaAFA,888 Poker
8,Espaniol999,888 Poker
8,MoonMeander,888 Poker
8,ToyGame,888 Poker
8,dishwasher3,888 Poker
8,GabrielSMR,888 Poker
8,Manu_iz_da,888 Poker
8,SplendidChad,888 Poker
8,CptSadgers,888 Poker
8,Adiyko20,888 Poker
8,f1L13,888 Poker
8,HardNiger,888 Poker
8,ivridich1,888 Poker
8,warren_zevon,888 Poker
8,AcidGhost,888 Poker
8,riverking166,888 Poker
8,sawagalkin,888 Poker
8,AzaAzaAza,888 Poker
8,V.Belyaev,888 Poker
8,StasAKQJ10,888 Poker
8,Dimon_Miner,888 Poker
8,Nikkutu,888 Poker
8,MAAtuKKs,888 Poker
8,igormaister2,888 Poker
8,aalexandress,888 Poker
8,artemio2009,888 Poker
8,TJoker9,888 Poker
8,marcorforce,888 Poker
8,8optimum8,888 Poker
8,Mstlovlobst,888 Poker
8,vetmo,888 Poker
8,Flsahback,888 Poker
8,Cbotacin,888 Poker
8,Helicobacter,888 Poker
8,cherchyk,888 Poker
8,49why,888 Poker
8,Rowdone,888 Poker
8,Jeddt1996,888 Poker
8,shevesneves,888 Poker
8,leman06_1978,888 Poker
8,Marrani,888 Poker
8,comistuss,888 Poker
8,joaomicene,888 Poker
8,Ala1nDelon,888 Poker
8,Ssh111,888 Poker
8,SirishPro52,888 Poker
8,Taoblzentao,888 Poker
8,walkower,888 Poker
8,CaioCapT,888 Poker
8,FakeAustrian,888 Poker
8,6plus,888 Poker
8,godeery,888 Poker
8,AlexandrTen,888 Poker
8,Arlan2009,888 Poker
8,Vlad_mech,888 Poker
8,sergebezb,888 Poker
8,suicidpeiarb,888 Poker
8,ppdk1,888 Poker
8,goldengaze1,888 Poker
8,DanG2205,888 Poker
8,Dollab96,888 Poker
8,TAZAR,888 Poker
8,battlerr17,888 Poker
8,Whatislove19,888 Poker
8,SavaJu,888 Poker
8,Taylor3294,888 Poker
8,GregoryJohns,888 Poker
8,vlncho,888 Poker
8,spikdk1337,888 Poker
8,YHHB7,888 Poker
8,Stunk75,888 Poker
8,LookAround,888 Poker
8,Johny_Zaza,888 Poker
8,realone9,888 Poker
8,NickT1989,888 Poker
8,shlds,888 Poker
8,Aminick,888 Poker
8,rafscard,888 Poker
8,Zaba2000,888 Poker
8,Sadness26,888 Poker
8,BublBoy69,888 Poker
8,Mr.Exploiter,888 Poker
8,firefoxpk,888 Poker
8,OtiEsc,888 Poker
8,55luckbox777,888 Poker
8,AetherQE,888 Poker
8,T0PBana1,888 Poker
8,_C.R.E.A.M_,888 Poker
8,jmasirer,888 Poker
8,ailton_lemos,888 Poker
8,RUAN010213,888 Poker
8,CHAYIIEP_UA,888 Poker
8,boidoido08,888 Poker
8,MuteParrot,888 Poker
8,Clayton.cdc,888 Poker
8,wannabebestt,888 Poker
8,SoleoKachu,888 Poker
8,UncleSpecial,888 Poker
8,franklspank,888 Poker
8,RimskiyTV,888 Poker
8,igoreiji,888 Poker
8,Buggywuggy,888 Poker
8,mr.ra1se,888 Poker
8,jakarokii,888 Poker
8,Cl1ckk,888 Poker
8,Diguiry,888 Poker
8,MiklR,888 Poker
8,Dangerflaps,888 Poker
8,purpleturtle,888 Poker
8,6lirull,888 Poker
8,Dr.Trun,888 Poker
8,Mr_Fish1,888 Poker
8,910768037012,888 Poker
8,Naler233,888 Poker
8,gquintilhano,888 Poker
8,Haapakakki,888 Poker
8,aufanfang2.0,888 Poker
8,komandorrr91,888 Poker
8,Vexxatu20,888 Poker
8,casablanca76,888 Poker
8,Ersan1909,888 Poker
8,popuzyana,888 Poker
8,Wwwlf,888 Poker
8,PPandolfi,888 Poker
8,Dima.P,888 Poker
8,hoolikooli,888 Poker
8,49UNDFTD,888 Poker
8,Zarra80,888 Poker
8,Viniciimm,888 Poker
8,Brooklynx99,888 Poker
8,Funabanana,888 Poker
8,RejamSam,888 Poker
8,sloboda12311,888 Poker
8,RRoleto,888 Poker
8,Justbodik,888 Poker
8,AntoxAAA,888 Poker
8,advilBR,888 Poker
8,cichutki91,888 Poker
8,T_Vercetti,888 Poker
8,L0kiFarbauti,888 Poker
8,Teddyboss,888 Poker
8,pokerdimon,888 Poker
8,Svitlab888,888 Poker
8,mihaitza35,888 Poker
8,shaolinfelix,888 Poker
8,Luxzera,888 Poker
8,Palanir,888 Poker
8,Sergey199812,888 Poker
8,Eventiaboy,888 Poker
8,E.Bogatyrev,888 Poker
8,Law.Traf,888 Poker
8,errektio,888 Poker
8,Cellzero,888 Poker
8,khondoka,888 Poker
8,Patriota0,888 Poker
8,GaloDoido87,888 Poker
8,rafayamaki,888 Poker
8,CondeC,888 Poker
8,Nyckolasm,888 Poker
8,MrRepsak,888 Poker
8,icre84u2day,888 Poker
8,Neam777,888 Poker
8,Petfin,888 Poker
8,Anastasiikaa,888 Poker
8,SeraphimRais,888 Poker
8,1luha11,888 Poker
8,AlexFlash,888 Poker
8,1goodshot,888 Poker
8,Jokranos,888 Poker
8,NakaD3,888 Poker
8,PiaoCIVIL,888 Poker
8,jareth3542,888 Poker
8,Jack7480jack,888 Poker
8,gonza_black7,888 Poker
8,FilEz97,888 Poker
0,KvazaR.V,888 Poker
0,JGX81,888 Poker
0,juananklam,888 Poker
0,PashaPushu,888 Poker
0,silviuprg,888 Poker
0,julinhob.91,888 Poker
0,Co1nfl1ppo,888 Poker
0,Gretinha,888 Poker
0,Ruminescu,888 Poker
0,Nerdola1337,888 Poker
0,klassik007,888 Poker
0,pablogs_rio,888 Poker
0,Playercv777,888 Poker
0,Datalore88,888 Poker
0,Markhovic,888 Poker
0,thurmota,888 Poker
0,Walbrasiil,888 Poker
0,DennerT,888 Poker
0,BCarneiro86,888 Poker
0,StoicWarrior,888 Poker
0,chadMusKA,888 Poker
0,OJenio,888 Poker
0,Shiiryyuu,888 Poker
0,handalaG,888 Poker
0,Prominence10,888 Poker
0,SkyMirror,888 Poker
0,Pequeno87,888 Poker
0,emersonrn186,888 Poker
0,aka.rosa,888 Poker
0,N1keloff,888 Poker
0,raphaelms84,888 Poker
0,DLSHOW7,888 Poker
0,shaormastyle,888 Poker
0,duduzeras968,888 Poker
0,shoqkz,888 Poker
0,CastilhoPr,888 Poker
0,Luis_Dtox,888 Poker
0,Ekampitakis,888 Poker
0,ZaCafu,888 Poker
0,Bigodom,888 Poker
0,_tajMahal_,888 Poker
0,Djus2019,888 Poker
0,xpensivenose,888 Poker
0,Luke92x,888 Poker
0,paceyourself,888 Poker
0,XhiengShong,888 Poker
0,Locomanolo14,888 Poker
0,josepoker71,888 Poker
0,SaintL.,888 Poker
0,vadimkobets,888 Poker
0,yellow009009,888 Poker
0,1Seryoga85,888 Poker
0,Turkovisk,888 Poker
0,jorgechess,888 Poker
0,gladiadorma,888 Poker
0,leon_dies10,888 Poker
0,Nikdestroy,888 Poker
0,AapexX,888 Poker
0,A_coture,888 Poker
0,TienDay,888 Poker
0,WiYoWeHe,888 Poker
0,mat_coderr,888 Poker
0,Takamur4,888 Poker
0,ParDCoringa,888 Poker
0,Piglet29,888 Poker
0,shaman8451,888 Poker
0,Bretero_Gyn,888 Poker
0,nazapk,888 Poker
0,Muckasamuca,888 Poker
0,hxxe214,888 Poker
0,wolf44444,888 Poker
0,LuKAsGL,888 Poker
0,MAGOGANDALF1,888 Poker
0,vinicelso,888 Poker
0,vmarguti,888 Poker
0,W.Gaff,888 Poker
0,KneeUnit,888 Poker
0,alexfenixBR.,888 Poker
0,rosomql,888 Poker
0,besenbr,888 Poker
0,Rigokansp,888 Poker
0,_Coldplay_,888 Poker
0,VladCheck,888 Poker
0,oxide8,888 Poker
0,ManoDente,888 Poker
0,CosmicOrca17,888 Poker
0,sinplata1,888 Poker
0,jam821,888 Poker
0,Alemas14,888 Poker
0,A1313S,888 Poker
0,BRENO_DUARTE,888 Poker
0,Artolya,888 Poker
0,ZuryMec,888 Poker
0,ROMUCH,888 Poker
0,Erol1303,888 Poker
0,BarbaMedeiro,888 Poker
0,WaraKzeP,888 Poker
0,01BluffdeAA,888 Poker
0,For1k,888 Poker
0,DramaPanda,888 Poker
0,gabrielmlong,888 Poker
0,Intuitiwikin,888 Poker
0,rocksol1d,888 Poker
0,APJennings,888 Poker
0,dimiletus,888 Poker
0,VttR0d,888 Poker
0,DerHaifisch,888 Poker
0,kallne,888 Poker
0,TaylorKabby,888 Poker
0,hermes.com,888 Poker
0,SRFC1899,888 Poker
0,sou_semnocao,888 Poker
0,HERANDBEAR21,888 Poker
0,Sunshine_17,888 Poker
0,LP560,888 Poker
0,andretu77,888 Poker
0,garg1,888 Poker
0,jesusfoldu,888 Poker
0,weezzoo188,888 Poker
0,luyguiover,888 Poker
0,EDY14101,888 Poker
0,HDorgele,888 Poker
0,godisgood33,888 Poker
0,Dvingminator,888 Poker
0,DonEnrolador,888 Poker
0,fidequem,888 Poker
0,RibeirinhAA,888 Poker
0,srtibu,888 Poker
0,Kopengagen,888 Poker
0,tiagogpoker,888 Poker
0,DonRuan02,888 Poker
0,MikeyW94,888 Poker
0,Jaspion2024,888 Poker
0,Mr.Krabs,888 Poker
0,peladaso,888 Poker
0,gannun1,888 Poker
0,albadejo,888 Poker
0,DK_LPS,888 Poker
0,barney2k16,888 Poker
0,pastrana19,888 Poker
0,Tdg2019,888 Poker
0,13Venom13,888 Poker
0,Ellson12,888 Poker
0,Reneryane,888 Poker
0,Eskimo.4i20,888 Poker
0,FDosSTramont,888 Poker
0,BrownBrit,888 Poker
0,tvcsa,888 Poker
0,KaizenStyle,888 Poker
0,DeniSdrv,888 Poker
0,paty2408,888 Poker
0,whooooosh,888 Poker
0,ipe1234,888 Poker
0,CaiqueDavid,888 Poker
0,borgix,888 Poker
0,Juvenigor,888 Poker
0,lopessz,888 Poker
0,Massariqorm,888 Poker
0,endoless,888 Poker
0,Toy_Boy,888 Poker
0,Neytzan01,888 Poker
0,R2Rka,888 Poker
0,bboyjoil,888 Poker
0,aangierr10,888 Poker
0,Poppyotoole,888 Poker
0,andydalmas,888 Poker
0,Folia888p,888 Poker
0,gattzzo1993,888 Poker
0,Popovichx,888 Poker
0,Shadayns,888 Poker
0,RodrigobmzZ,888 Poker
0,MestreBoy,888 Poker
0,Rquinta95,888 Poker
0,galileo1713,888 Poker
0,ValmarSb,888 Poker
0,Dududibre,888 Poker
0,vitogean,888 Poker
0,Babi19944,888 Poker
0,feldegani.ps,888 Poker
0,bugui1318,888 Poker
0,Orkut,888 Poker
0,Sacerdotisa,888 Poker
0,xxronicxx,888 Poker
0,Tavares910,888 Poker
0,giovannamil,888 Poker
0,YellowFinger,888 Poker
0,sebapm,888 Poker
0,Karateli,888 Poker
0,W.Esmeril,888 Poker
0,lxiltxZtKQn,888 Poker
0,mategu,888 Poker
0,Fortunemix1,888 Poker
0,KansasTC,888 Poker
0,Cherkasyu,888 Poker
0,rsvizi,888 Poker
0,Luizinho_RS,888 Poker
0,11011983vb,888 Poker
0,winsistente,888 Poker
0,mthsrdgs,888 Poker
0,vtmRN,888 Poker
0,messirve_7,888 Poker
0,PerfectGTO,888 Poker
0,SergeiKisel,888 Poker
0,LoHnzin,888 Poker
0,PaitaON77,888 Poker
0,TiltShove,888 Poker
0,Arman2574,888 Poker
0,Wilviny,888 Poker
0,gabatea,888 Poker
0,ggpoker37,888 Poker
0,Joakimlof,888 Poker
0,Vymaks,888 Poker
0,FacXen12,888 Poker
0,Shavortzz,888 Poker
0,Rodrigo154,888 Poker
0,bodoPokerist,888 Poker
0,Johanuta,888 Poker
0,raulikeer,888 Poker
0,HotSauce86,888 Poker
0,u_betterfold,888 Poker
0,LucasIglesia,888 Poker
0,Mask1nen,888 Poker
0,LckFshmn,888 Poker
0,SantosTP,888 Poker
0,Andreronei,888 Poker
0,zpedrao,888 Poker
0,JoaoPaulo.pk,888 Poker
0,MwahXD,888 Poker
0,ElFillipon,888 Poker
0,ricardobrig,888 Poker
0,flipinhawins,888 Poker
0,420Eben,888 Poker
0,vemtranQQilo,888 Poker
0,pokerjim32,888 Poker
0,galodetenis,888 Poker
0,bodila,888 Poker
0,DudumaTTos,888 Poker
0,Denisius888,888 Poker
0,Badbeat01,888 Poker
0,Tom84,888 Poker
0,vaka123,888 Poker
0,ImGamble,888 Poker
0,Oseiaschess9,888 Poker
0,gui.zao,888 Poker
0,superweak16,888 Poker
0,1Tejota3,888 Poker
0,stacanelli,888 Poker
0,Mingming123,888 Poker
0,Wrdn1,888 Poker
0,kamiKKadze,888 Poker
0,XachiXa,888 Poker
0,romulofaria7,888 Poker
0,razmuzzz,888 Poker
0,onerb13,888 Poker
0,msteinneto,888 Poker
0,Abarashow,888 Poker
0,DoutorLecter,888 Poker
0,Felipe688,888 Poker
0,Dudu_mv.01,888 Poker
0,lucasmacedoo,888 Poker
0,Heroeblanco,888 Poker
0,SqxxwreckTXQ,888 Poker
0,Mr.weedon,888 Poker
0,TigerDuck,888 Poker
0,Pinky639,888 Poker
0,Gomidz,888 Poker
0,AAlmeida91,888 Poker
0,tanimurawin,888 Poker
0,GoGoUkraine,888 Poker
0,Earnshaw,888 Poker
0,vtrcales,888 Poker
0,Vincsl1990,888 Poker
0,andrzn,888 Poker
0,Marater,888 Poker
0,GrubbaNuts,888 Poker
0,Anhyzer888,888 Poker
0,nutsperdedor,888 Poker
0,carashova,888 Poker
0,WickedWinzer,888 Poker
0,checkraise8k,888 Poker
0,SilvanoSales,888 Poker
0,howfold4me,888 Poker
0,Appiah_1,888 Poker
0,Phyrrura,888 Poker
0,benjxuu1,888 Poker
0,KSmoreira,888 Poker
0,AustriaKid,888 Poker
0,maiquesantos,888 Poker
0,Xurrasko27,888 Poker
0,Graviton86,888 Poker
0,RiickBarbosa,888 Poker
0,GoulartT,888 Poker
0,Pet_Camilo,888 Poker
0,fragha147,888 Poker
0,Tjuice_Baby,888 Poker
0,mortyshotric,888 Poker
0,ruimeazarado,888 Poker
0,gulwis,888 Poker
0,savindapipi,888 Poker
0,Milen123,888 Poker
0,N_HESOYAM,888 Poker
0,Uwannafold,888 Poker
0,MarkEney,888 Poker
0,fkaiut,888 Poker
0,Awesomebenez,888 Poker
0,Pablos701,888 Poker
0,2Manyrivers5,888 Poker
0,UCchef,888 Poker
0,SabotageZS,888 Poker
0,ivanmfilho,888 Poker
0,3BarrelBfluf,888 Poker
0,Saul.Hudson,888 Poker
0,PHCardoso,888 Poker
0,tutunoia,888 Poker
0,Putifire,888 Poker
0,wjakob14,888 Poker
0,GreKIgoR,888 Poker
0,LigeirinhoRR,888 Poker
0,Yunghill,888 Poker
0,agentk81,888 Poker
0,SpideR2907,888 Poker
0,Princessa02,888 Poker
0,yucantseeme,888 Poker
0,FastPike,888 Poker
0,PokerStrive,888 Poker
0,EJB_x,888 Poker
0,Mineli,888 Poker
0,faceofkombii,888 Poker
0,jppinheirocf,888 Poker
0,GERSON1986,888 Poker
0,TheHueyLewis,888 Poker
0,Nikabuloso,888 Poker
0,Victor8787,888 Poker
0,Baumannnn,888 Poker
0,Zug_moraes,888 Poker
0,Tommykorberg,888 Poker
0,Lufire,888 Poker
0,MeninoNey777,888 Poker
0,Markdread,888 Poker
0,Galutskyi,888 Poker
0,brunnoans,888 Poker
0,Poking_Fun,888 Poker
0,Rabisco88,888 Poker
0,shutupbulio_,888 Poker
0,LittmannIgor,888 Poker
0,gomolinha,888 Poker
0,Plae74,888 Poker
0,Pedrobdb1,888 Poker
0,cezinha94pkr,888 Poker
0,vqenjm,888 Poker
0,RRONNEY,888 Poker
0,deevem,888 Poker
0,Eco.JF,888 Poker
0,razvan.morar,888 Poker
0,kiabalo,888 Poker
0,Hudcera,888 Poker
0,MLutherBink,888 Poker
0,saudademae,888 Poker
0,Zambonattogz,888 Poker
0,mAAdAAme,888 Poker
0,NotaThing777,888 Poker
0,xcavan,888 Poker
0,Pierre1428,888 Poker
0,Brenii94,888 Poker
0,N0pants,888 Poker
0,monetizando,888 Poker
0,blazes17,888 Poker
0,HeineQuem,888 Poker
0,R3YMAR,888 Poker
0,lukapietro,888 Poker
0,stevierudder,888 Poker
0,XxQrinFei,888 Poker
0,lhprado,888 Poker
0,Z1oba,888 Poker
0,Im44bet,888 Poker
0,freitasgab,888 Poker
0,ThiagoSa,888 Poker
0,morsik2000,888 Poker
0,WKNDGR1NDER,888 Poker
0,TaxiCarrara,888 Poker
0,FCsantos33,888 Poker
0,egon22,888 Poker
0,bybababy,888 Poker
0,Jora2406,888 Poker
0,MANOELSV,888 Poker
0,tslour,888 Poker
0,Countess3,888 Poker
0,PortgasHMD,888 Poker
0,CamSants,888 Poker
0,dEragoNN,888 Poker
0,PocketJJaps,888 Poker
0,Jevilgod,888 Poker
0,Kleber.Fraga,888 Poker
0,JAcKTeQuilA.,888 Poker
0,Broiz,888 Poker
0,susurrus,888 Poker
0,StephanMyers,888 Poker
0,llxandell,888 Poker
0,oasis.verve,888 Poker
0,pablobpoker,888 Poker
0,StoneCrasy,888 Poker
0,Acacio,888 Poker
0,PaiDeTodos,888 Poker
0,tcpeople,888 Poker
0,Scarletxd,888 Poker
0,Pethoben,888 Poker
0,LRigos94,888 Poker
0,Copasfora,888 Poker
0,Oruam_22,888 Poker
0,Jojomed,888 Poker
0,flanco22,888 Poker
0,smgshipped50,888 Poker
0,PALMEIRASJ10,888 Poker
0,SimonSays82,888 Poker
0,berdasilva,888 Poker
0,tbek30,888 Poker
0,Lucasnc,888 Poker
0,GuidoBrabo,888 Poker
0,feliperochaa,888 Poker
0,zezo_filho,888 Poker
0,Svarstykles,888 Poker
0,Capim,888 Poker
0,Jackpot1337,888 Poker
0,Fbrito27,888 Poker
0,BalueVet,888 Poker
0,upaymyweed_,888 Poker
0,RovyTrip,888 Poker
0,lbitencourth,888 Poker
0,Flex4WSOP,888 Poker
0,CharlzTheOne,888 Poker
0,Pandamonnn,888 Poker
0,Irukandji7,888 Poker
0,JUBAhm,888 Poker
0,GoLearnKid,888 Poker
0,Ballafist,888 Poker
0,vytoki,888 Poker
0,Iamwesone,888 Poker
0,flir1,888 Poker
0,tchakabum,888 Poker
0,MatMesq,888 Poker
0,Diogo0702,888 Poker
0,jj17fc,888 Poker
0,DumSpirosper,888 Poker
0,DzK107,888 Poker
0,BoiseAstoria,888 Poker
0,nutsorbluff,888 Poker
0,F0ntenelle,888 Poker
0,joelmito,888 Poker
0,Luckym8t,888 Poker
0,Badas08,888 Poker
0,Estrofamindo,888 Poker
0,Rif_UA,888 Poker
0,EdAlencar,888 Poker
0,resilience32,888 Poker
0,GreenSnake13,888 Poker
0,JohnnyGarbo,888 Poker
0,Ekusserow,888 Poker
0,bieldlc,888 Poker
0,Xandexx,888 Poker
0,MustBeMad82,888 Poker
0,Gilbertone,888 Poker
0,Luigipoker,888 Poker
0,ArrisonABCFC,888 Poker
0,JRuiJr,888 Poker
0,PAKR11,888 Poker
0,fuscaopreto,888 Poker
0,slmzrj,888 Poker
0,10robbery7,888 Poker
0,Sudosabic,888 Poker
0,Heronville,888 Poker
0,ADHDKevin,888 Poker
0,skinerino,888 Poker
0,mateonvargas,888 Poker
0,MrCoci,888 Poker
0,fortytwo42,888 Poker
0,cost4k,888 Poker
0,Rocolito16,888 Poker
0,wdias21,888 Poker
0,Rosa02,888 Poker
0,Lucas01sch,888 Poker
0,satebruxo,888 Poker
0,kaua.,888 Poker
0,jvfreire,888 Poker
0,TheKingling,888 Poker
0,1Gosth,888 Poker
0,Piloten365,888 Poker
0,carrilho19,888 Poker
0,Kalinskih,888 Poker
0,PATZjEE,888 Poker
0,headtrickz,888 Poker
0,Razdavaj,888 Poker
0,josepessoa,888 Poker
0,Pitinnnn,888 Poker
0,mAArKKinhos,888 Poker
0,ERICKL14,888 Poker
0,afelipelli,888 Poker
0,markclatt,888 Poker
0,DeckMcFly,888 Poker
0,CheckkNorris,888 Poker
0,10BigsALLIN,888 Poker
0,ggoesds,888 Poker
0,Psilo888,888 Poker
0,_Takashi_,888 Poker
0,lildann03,888 Poker
0,JosephCooper,888 Poker
0,likelylad87,888 Poker
0,cananicana,888 Poker
0,danielssaan,888 Poker
0,Har4yk,888 Poker
0,PampaWroll,888 Poker
0,HaschGanove,888 Poker
0,gabriel23149,888 Poker
0,J24MAC13,888 Poker
0,Primao89,888 Poker
0,dandandundee,888 Poker
0,dan10dopoker,888 Poker
0,Vita8914,888 Poker
0,MadsonAKS,888 Poker
0,cognosbr,888 Poker
0,thuyy,888 Poker
0,TLuther,888 Poker
0,77alena77,888 Poker
0,Cirone,888 Poker
0,vik_vik,888 Poker
0,Hamburg53,888 Poker
0,llII1lll,888 Poker
0,RaPaPaPaPam,888 Poker
0,Darlan1811,888 Poker
0,Dr.B00M,888 Poker
0,Toljan333,888 Poker
0,Lakk5,888 Poker
0,pepperinthee,888 Poker
0,DonkyOne,888 Poker
0,Xhesty,888 Poker
0,Pokerleader,888 Poker
0,AllGameNoLuk,888 Poker
0,SEASONS8,888 Poker
0,luish64,888 Poker
0,yrkkk,888 Poker
0,Deywd12,888 Poker
0,narcissus19,888 Poker
0,THEWMF,888 Poker
0,TheDangerGuy,888 Poker
0,ndinsache,888 Poker
0,Hujaro,888 Poker
0,Elipac,888 Poker
0,FabioHei,888 Poker
0,GPerr1,888 Poker
0,.osR.,888 Poker
0,emmanueltkd,888 Poker
0,MaNicollette,888 Poker
0,KoJackk83,888 Poker
0,ego_death,888 Poker
0,azevedo45,888 Poker
0,BTC23,888 Poker
0,FoiMissClick,888 Poker
0,A1rkraft,888 Poker
0,kotapes,888 Poker
0,TiroAll,888 Poker
0,Aligatorzz,888 Poker
0,Capone3830,888 Poker
0,Bbb156,888 Poker
0,VlogA,888 Poker
0,Kule167,888 Poker
0,zedamanga,888 Poker
0,Dssant,888 Poker
0,OhhPaPai,888 Poker
0,JakoBueno,888 Poker
0,MrVinterSorg,888 Poker
0,funKeyonE,888 Poker
0,borchardt008,888 Poker
0,SpielerKind,888 Poker
0,alltskabort1,888 Poker
0,Plumpkin22,888 Poker
0,bruno_pro,888 Poker
0,Munky_R,888 Poker
0,MAPHACK0R,888 Poker
0,godjaine,888 Poker
0,dRunkenMoney,888 Poker
0,ftragueta,888 Poker
0,meech8000,888 Poker
0,Polorubin,888 Poker
0,Hvala_vam,888 Poker
0,bateasminhas,888 Poker
0,KurinfaloGV,888 Poker
0,nuncanemvi,888 Poker
0,sarahcardz,888 Poker
0,EAMEK,888 Poker
0,Renatomdm,888 Poker
0,doppelsibbe,888 Poker
0,Muaythaidon1,888 Poker
0,Joanna1417,888 Poker
0,t0mmy99,888 Poker
0,VictorWinkel,888 Poker
0,wpfish,888 Poker
0,BeastinPGeon,888 Poker
0,FullHouse97,888 Poker
0,Carpeterror,888 Poker
0,ZoRoM,888 Poker
0,Buffold,888 Poker
0,ppolas,888 Poker
0,MrDelikanli,888 Poker
0,cerbero26,888 Poker
0,Udav76,888 Poker
0,Robinlima,888 Poker
0,Desperado609,888 Poker
0,TOLUTU,888 Poker
0,Heartbrakerx,888 Poker
0,abramburici,888 Poker
0,SaulGoodmann,888 Poker
0,Justums,888 Poker
0,Roundr007,888 Poker
0,arthoryuss,888 Poker
0,gui.hrimbano,888 Poker
0,vbtrevizani,888 Poker
0,RavenPoker,888 Poker
0,thepepinillo,888 Poker
0,FelipeBRL,888 Poker
0,PradoV,888 Poker
0,MakanHolm,888 Poker
0,Netinho014,888 Poker
0,JohnByce,888 Poker
0,jpcervecero,888 Poker
0,viniciussk70,888 Poker
0,JrPqdt92,888 Poker
0,Morgoroth,888 Poker
0,1enggbp,888 Poker
0,VictorValen,888 Poker
0,Genaro1860,888 Poker
0,Nutsakias22,888 Poker
0,Chef1214,888 Poker
0,Demiciaano,888 Poker
0,Cr4zyD1amond,888 Poker
0,shoveanyto,888 Poker
0,Ted88,888 Poker
0,0nlyBet,888 Poker
0,arckzera,888 Poker
0,Philippos,888 Poker
0,DollaMagn3t,888 Poker
0,rexmarley,888 Poker
0,lopespamanda,888 Poker
0,theohaddad,888 Poker
0,tnevs_,888 Poker
0,Thaleesx,888 Poker
0,nurcot32,888 Poker
0,SamSamilllia,888 Poker
0,EnterGoku,888 Poker
0,Wait_4_1t,888 Poker
0,Homylander,888 Poker
0,IloveJBieber,888 Poker
0,DoRevolution,888 Poker
0,LucasLAL,888 Poker
0,LemonKush,888 Poker
0,ViViPerigoZa,888 Poker
0,JockMcDave,888 Poker
0,patoque99,888 Poker
0,IamtheDark,888 Poker
0,NoGanoUnFlip,888 Poker
0,leoleo0505,888 Poker
0,Ewn1dLdy,888 Poker
0,pibr23,888 Poker
0,RookNRool,888 Poker
0,Smack.rat,888 Poker
0,tr1col0r2009,888 Poker
0,Casanova20XX,888 Poker
0,bananaveia,888 Poker
0,79maravilla,888 Poker
0,junimoe29,888 Poker
0,Reaper444,888 Poker
0,wolfruslik,888 Poker
0,CORPINHO,888 Poker
0,mindukas,888 Poker
0,grinder1847,888 Poker
0,Trentok,888 Poker
0,SlalomJanne,888 Poker
0,Deluded1,888 Poker
0,Codiegage24,888 Poker
0,MRpokerFun,888 Poker
0,chexetto,888 Poker
0,MattosNo7,888 Poker
0,muka_gaming,888 Poker
0,CardiffBay,888 Poker
0,7holyvirtues,888 Poker
0,whatsgoing88,888 Poker
0,cplingu,888 Poker
0,bryllis,888 Poker
0,kingxavo,888 Poker
0,FabioEiji11,888 Poker
0,Eazysoda,888 Poker
0,Mogoris,888 Poker
0,Sohnirtep,888 Poker
0,Allightmann,888 Poker
0,CyxouJJ,888 Poker
0,Ace_Walli,888 Poker
0,Romzes30,888 Poker
0,Chimba13,888 Poker
0,Tiamat700,888 Poker
0,AAnonymouss,888 Poker
0,Raise77,888 Poker
0,LepiejJutro,888 Poker
0,286_BRAGA,888 Poker
0,Lilldalle,888 Poker
0,vezeco,888 Poker
0,Forcebattle,888 Poker
0,LuckyDinay,888 Poker
0,cristypmfil,888 Poker
0,N1C0101,888 Poker
0,Barry_Charge,888 Poker
0,GiordanoKK,888 Poker
0,Unomystyle,888 Poker
0,iggynuts13,888 Poker
0,Rodger103,888 Poker
0,jluttges1,888 Poker
0,Weeman235,888 Poker
0,indepa38,888 Poker
0,kuraikevin,888 Poker
0,ML816,888 Poker
0,JDTAR,888 Poker
0,Rokclimb,888 Poker
0,OneMomment,888 Poker
0,believeinbe9,888 Poker
0,LipeDB,888 Poker
0,Suslandas,888 Poker
0,Theturtle55,888 Poker
0,BuLdo3eR,888 Poker
0,FlayGolev,888 Poker
0,thekershaw,888 Poker
0,MatchettPkr,888 Poker
0,Kosv82,888 Poker
0,brituy,888 Poker
0,justplay1982,888 Poker
0,Shearon88,888 Poker
0,canabrava92,888 Poker
0,Kgilroy88,888 Poker
0,Poker302319,888 Poker
0,GreedyMe94,888 Poker
0,PheresAA,888 Poker
0,GediminasDir,888 Poker
0,PosserBros,888 Poker
0,PannSlayer,888 Poker
0,Chekovitsus,888 Poker
0,joaovictorvf,888 Poker
0,BoemioLoki,888 Poker
0,UseThePain,888 Poker
0,Guilherme4B,888 Poker
0,Pavl77,888 Poker
0,athonlive,888 Poker
0,donjermu,888 Poker
0,ryanb2003,888 Poker
0,Dorna71,888 Poker
0,Arvindir,888 Poker
0,Aposentado13,888 Poker
0,Morty_2,888 Poker
0,Felipetroliv,888 Poker
0,EL3MENT0,888 Poker
0,Iamroben,888 Poker
0,SickMyDuck86,888 Poker
0,adripeixe887,888 Poker
0,Nbksparky,888 Poker
0,lipmagnific,888 Poker
0,aceicon,888 Poker
0,Affleck8888,888 Poker
0,DillenX,888 Poker
0,bobodacort,888 Poker
0,Quaade73,888 Poker
0,szapyka86,888 Poker
0,eqUAlizer_22,888 Poker
0,AlexStark,888 Poker
0,ImASpaceman,888 Poker
0,ac3play,888 Poker
0,Tati_21,888 Poker
0,V_K_7,888 Poker
0,Psyduck787,888 Poker
0,FutureofNiz,888 Poker
0,Ihorsam,888 Poker
0,Jaycharlie07,888 Poker
0,OverTheEdge,888 Poker
0,St0rm_Shadow,888 Poker
0,netoalves89,888 Poker
0,KKExodiaKK,888 Poker
0,KevinDaBruna,888 Poker
0,Asya_xD,888 Poker
0,SlicePizza,888 Poker
0,AmatorHD,888 Poker
0,godfatheR2AA,888 Poker
0,360w3r,888 Poker
0,Gabdatte,888 Poker
0,AllYouNeed1,888 Poker
0,Splash04,888 Poker
0,Bobnelson,888 Poker
0,MattMattMatt,888 Poker
0,Dcuajo,888 Poker
0,VAIFICARICO,888 Poker
0,SergiyShama,888 Poker
0,Ovidash141,888 Poker
0,igornunesc,888 Poker
0,Nansacker,888 Poker
0,Dom7440,888 Poker
0,Renansktt182,888 Poker
0,MDSoares,888 Poker
0,fAceDeezNuts,888 Poker
0,SMCE13,888 Poker
0,ReenRo,888 Poker
0,elogic1,888 Poker
0,nala1988,888 Poker
0,Abhramovici,888 Poker
0,Japirock,888 Poker
0,Gossigos,888 Poker
0,Nikname8,888 Poker
0,pilotc152,888 Poker
0,Minty113,888 Poker
0,EEllin,888 Poker
0,Luckylukem03,888 Poker
0,antoniocy83,888 Poker
0,JutisGreven,888 Poker
0,piranhAA,888 Poker
0,cyniq,888 Poker
0,Azmus,888 Poker
0,dubz7130,888 Poker
0,deeprespect,888 Poker
0,Shakans,888 Poker
0,WellNzz,888 Poker
0,kasparov110,888 Poker
0,1MilionEUR,888 Poker
0,Yismataa,888 Poker
0,ThePapaChipp,888 Poker
0,H_S_V,888 Poker
0,mamba307,888 Poker
0,Puro0sso,888 Poker
0,Rigol007,888 Poker
0,Fishcruel,888 Poker
0,andersonleon,888 Poker
0,EduAraujo,888 Poker
0,tobe1st,888 Poker
0,RiLucas,888 Poker
0,JesusChris,888 Poker
0,MebusT,888 Poker
0,Pedrozadota,888 Poker
0,fagaha,888 Poker
0,GargantuAA,888 Poker
0,elrudd22,888 Poker
0,Pangi,888 Poker
0,TOPLIHP,888 Poker
0,uviuciliu,888 Poker
0,dirkk8,888 Poker
0,4walkingdead,888 Poker
0,iVolsh,888 Poker
0,veplvepl,888 Poker
0,lohalzerabh,888 Poker
0,imALLin16,888 Poker
0,theblefei,888 Poker
0,ElJefe719,888 Poker
0,lessrkudu,888 Poker
0,Ricourtco,888 Poker
0,PartoucheP,888 Poker
0,bombon73,888 Poker
0,Roland3133,888 Poker
0,elpablito10,888 Poker
0,walbritto,888 Poker
0,InnaMatsenko,888 Poker
0,lukemfc,888 Poker
0,orestis4899,888 Poker
0,IHey4,888 Poker
0,SKKullzera,888 Poker
0,PeterPokah,888 Poker
5,Ch1k1t1n,888 Poker
5,jhonyfonseKA,888 Poker
5,TLOU999,888 Poker
5,Marcothx,888 Poker
5,hcmarcello,888 Poker
5,F.domingos,888 Poker
5,FraerVV29,888 Poker
5,Mindlight,888 Poker
5,n1ce2cu,888 Poker
5,Dr.TCHATCHA,888 Poker
5,Vredn0,888 Poker
5,Trogvar,888 Poker
5,5UZUK1,888 Poker
5,Gardenal_,888 Poker
5,hoIIow,888 Poker
5,Nazar1111999,888 Poker
5,pachequinhu,888 Poker
5,pomalem,888 Poker
5,KilianS98,888 Poker
5,LeozeraEng,888 Poker
5,ARTESIK,888 Poker
5,Paulo_Pedros,888 Poker
5,mrs38,888 Poker
5,xEi888Poker,888 Poker
5,IamCereal,888 Poker
5,williansct2,888 Poker
5,Alexhest383,888 Poker
5,PokerUtopia,888 Poker
5,topshark1824,888 Poker
5,BoyGoesWild,888 Poker
5,KingPoker935,888 Poker
5,GMValla,888 Poker
5,ingeruRO14,888 Poker
5,keepMind,888 Poker
5,puggimar,888 Poker
5,mario_bloot,888 Poker
5,M.R.Sousa,888 Poker
5,izhogin,888 Poker
5,KJIu3Mo4Ka,888 Poker
5,NekroVision,888 Poker
5,diprAAziKKa,888 Poker
5,brownato,888 Poker
5,Habbet3,888 Poker
5,ClaytonPaz,888 Poker
5,finkpl0yd,888 Poker
5,PokerKron,888 Poker
5,Balooey,888 Poker
5,JurgenFIop,888 Poker
5,Dimasikk888,888 Poker
5,Kajaranaa,888 Poker
5,Guiga_eller,888 Poker
5,Travelerin88,888 Poker
5,FF1legend,888 Poker
5,hasimagasa,888 Poker
5,rafapradoqj,888 Poker
5,Setone1,888 Poker
5,Sr.Riich,888 Poker
5,TtAaKeE,888 Poker
5,galadinho,888 Poker
5,RealmRoyale,888 Poker
5,jurupira180,888 Poker
5,RatVk,888 Poker
5,Artanis84,888 Poker
5,bsbrpk,888 Poker
5,ssnniikk,888 Poker
5,Rafael.Alvar,888 Poker
5,Eskadrinis,888 Poker
5,barneeee67,888 Poker
5,suLzbatz,888 Poker
5,kiuporto,888 Poker
5,RobinPoker.,888 Poker
5,PCO92,888 Poker
5,ozim11085,888 Poker
5,gedatronas,888 Poker
5,1intfish,888 Poker
5,MauMt,888 Poker
5,andybooo9,888 Poker
5,VIbos01,888 Poker
5,kattenxD,888 Poker
5,polyspaston1,888 Poker
5,1VinE,888 Poker
5,thelifesnak3,888 Poker
5,khunbaa,888 Poker
5,diga_dnepr,888 Poker
5,Luciole16,888 Poker
5,osmarsexto,888 Poker
5,dmg34,888 Poker
5,Kicionas,888 Poker
5,TTeixeirAA,888 Poker
5,kkhumudwa,888 Poker
5,EasyLee22,888 Poker
5,Lxxz12,888 Poker
5,billycadu14,888 Poker
5,Wenz777,888 Poker
5,SULTAN.kz,888 Poker
5,Paulada85,888 Poker
5,jujuporreta,888 Poker
5,Mousehunting,888 Poker
5,danielwarwar,888 Poker
5,Fedebeach,888 Poker
5,dankretli,888 Poker
5,veerdandi,888 Poker
5,noWHATfella,888 Poker
5,Toby0909,888 Poker
5,cintavares,888 Poker
5,AlexGC89,888 Poker
5,_WRTS86,888 Poker
5,totogimeno22,888 Poker
5,IAintmadAcha,888 Poker
5,kabb00m,888 Poker
5,DanMariano9,888 Poker
5,PacocaPoker,888 Poker
5,bisc888,888 Poker
5,Bjorn_,888 Poker
5,AKinaoBB,888 Poker
5,YAMAHA1311,888 Poker
5,DownSwing57,888 Poker
5,GarciaaRapha,888 Poker
5,ab_wien,888 Poker
5,AllanJustino,888 Poker
5,Beatlemaniac,888 Poker
5,VeiDoRiO,888 Poker
5,Snave122,888 Poker
5,baradavid1,888 Poker
5,slasha21,888 Poker
5,edson_cichac,888 Poker
5,GeezYerDoe,888 Poker
5,PseudoReg,888 Poker
5,GuilhermeKK,888 Poker
5,LucianMarx,888 Poker
5,Sambist1990,888 Poker
5,DuXOBaLa,888 Poker
5,zenzo7,888 Poker
5,doctoru19.,888 Poker
5,Nelepo10,888 Poker
5,matheuscapaz,888 Poker
5,jadaminato,888 Poker
5,alex1979ops,888 Poker
5,Nowitzki_41,888 Poker
5,tavAArinha,888 Poker
5,Amadi71,888 Poker
5,hickclac2.0,888 Poker
5,NutsnAcapuco,888 Poker
5,Cervejeiros,888 Poker
5,Nostressed,888 Poker
5,JoeSatrian1,888 Poker
5,fjolledreng,888 Poker
5,KeegsPoker,888 Poker
5,G.Derzete,888 Poker
5,jpandolfi,888 Poker
5,2628922,888 Poker
5,Unichello,888 Poker
5,ronpoker40,888 Poker
5,Kitkurapu,888 Poker
5,BetShoveCall,888 Poker
5,Cardshark21,888 Poker
5,thchucky,888 Poker
5,Micou8,888 Poker
5,osaskence,888 Poker
5,Jason9Bourne,888 Poker
5,aghero.agnis,888 Poker
5,Petersonmach,888 Poker
5,SteelShot,888 Poker
5,NoxoPoker,888 Poker
5,Norgon,888 Poker
5,LexDT,888 Poker
5,FFForce,888 Poker
5,rocksz,888 Poker
5,Zorder,888 Poker
5,Jacksion10,888 Poker
5,TheOneLegged,888 Poker
5,Peter_Martin,888 Poker
5,rssollero,888 Poker
5,daryous,888 Poker
5,mvinilopes,888 Poker
5,zipperb,888 Poker
5,Krockarn1,888 Poker
5,Queennx,888 Poker
5,DimasThe1st,888 Poker
5,Tiny11,888 Poker
5,overino_19,888 Poker
5,joaozinho9,888 Poker
5,GiovaniMB,888 Poker
5,frazioneto,888 Poker
5,Ms_Miia,888 Poker
5,SaiZica007,888 Poker
5,Dandaraz,888 Poker
5,ravenathecat,888 Poker
5,G4MEDv1,888 Poker
5,jack071276,888 Poker
5,Korya_am,888 Poker
5,Verumortem,888 Poker
5,Prooofit,888 Poker
5,BazaraJOK,888 Poker
5,eoin675,888 Poker
5,Heder777,888 Poker
5,Lavoisier,888 Poker
5,MenosehMais,888 Poker
5,Majorana1,888 Poker
5,Alarnius,888 Poker
5,Negreanu1986,888 Poker
5,otaviobrian,888 Poker
5,TTigela,888 Poker
5,M1CCA5,888 Poker
5,Jarildur1,888 Poker
5,blufingbaldy,888 Poker
5,EltonSilva88,888 Poker
5,Ame85,888 Poker
5,ableJ,888 Poker
5,KryderURSS,888 Poker
5,adm33,888 Poker
5,ERR0RX,888 Poker
5,Richasmine,888 Poker
5,Pescarrudo,888 Poker
5,SSimister,888 Poker
5,GG1221,888 Poker
5,Kentachdis,888 Poker
5,Jowisten,888 Poker
5,Maestro17,888 Poker
5,Frostik17,888 Poker
5,Peto322,888 Poker
5,Brigaboyy,888 Poker
5,MiseryBounty,888 Poker
5,LewisAKM,888 Poker
5,iknowmysteez,888 Poker
5,madmichael23,888 Poker
5,Kuzmichaa,888 Poker
5,djrodney,888 Poker
5,Greenskunk,888 Poker
5,Cei90,888 Poker
5,Birzhowat,888 Poker
5,themanflo,888 Poker
5,Andrexter1,888 Poker
5,LORENNARP,888 Poker
5,finns3,888 Poker
5,BRtight,888 Poker
5,Jonjon56,888 Poker
5,WHA20,888 Poker
5,buckNasty13,888 Poker
5,jeanjrg1,888 Poker
5,Komyagin,888 Poker
5,EbakaLomaka,888 Poker
5,al118ex,888 Poker
5,NaClmonte,888 Poker
5,JAAAAmie,888 Poker
5,gizmemimonaa,888 Poker
5,FernandesDiz,888 Poker
5,BekkerOleg,888 Poker
5,AlvesPKR,888 Poker
5,Liviuuss,888 Poker
5,Felpi81,888 Poker
5,Hailonh,888 Poker
5,TheSecretVMS,888 Poker
5,guiomoraes,888 Poker
5,c4trups,888 Poker
5,kuznec_x,888 Poker
5,Fumapalheiro,888 Poker
5,JakpotJuri,888 Poker
5,beijamyrola,888 Poker
5,gustavobatis,888 Poker
5,hochuvMVP,888 Poker
5,MattF888,888 Poker
5,YHWH1,888 Poker
5,Fehportugaa,888 Poker
5,Ogame22,888 Poker
5,__APO__1,888 Poker
5,whapz,888 Poker
5,prowebnuts,888 Poker
5,manetalks,888 Poker
5,Cablem,888 Poker
5,Swayzee666,888 Poker
5,caamarins,888 Poker
5,Steppenwulf,888 Poker
5,robofox12,888 Poker
5,Bigifunk.ua,888 Poker
5,username27,888 Poker
5,Obee9593,888 Poker
5,Gollero89,888 Poker
5,LeoJoseCarne,888 Poker
5,VitorR.,888 Poker
5,Alastr_AA,888 Poker
5,pedromanini,888 Poker
5,SrThanksALot,888 Poker
5,pharaonsgold,888 Poker
5,PecoLoco,888 Poker
5,Duells0n,888 Poker
5,Potat0228,888 Poker
5,Tura1978,888 Poker
5,dmakpp,888 Poker
5,guizx1h,888 Poker
5,P4lhinha,888 Poker
5,Mcsticki,888 Poker
5,valeriocoxa,888 Poker
5,tribalrox,888 Poker
5,agnesandles,888 Poker
5,Luckycharm__,888 Poker
5,Mackemslayer,888 Poker
5,DmitriSvet,888 Poker
5,Jiggaman021,888 Poker
5,FelixKrull,888 Poker
5,kcasasanta,888 Poker
5,toycegs,888 Poker
5,Sr.Vargas,888 Poker
5,anis163,888 Poker
5,Fanz192,888 Poker
5,IRunLikeGod,888 Poker
5,cipi22,888 Poker
5,Wagner_AS_,888 Poker
5,7coolook,888 Poker
5,JOTABOHEMIOS,888 Poker
5,Owlin9295,888 Poker
5,stelzner,888 Poker
5,stffblnr,888 Poker
5,Lasek333,888 Poker
5,hammer211,888 Poker
5,Mau_Cabral24,888 Poker
5,Echnhua,888 Poker
5,Bigmaster90,888 Poker
5,Talita.Alves,888 Poker
5,serpantin1,888 Poker
5,MarkyScruff,888 Poker
5,CF.AK,888 Poker
5,andrey59,888 Poker
5,Doniano,888 Poker
5,Naras888,888 Poker
5,FearTheDeer,888 Poker
5,PORTALps,888 Poker
5,wandcrazy,888 Poker
5,luisinbsb,888 Poker
5,cristi9616,888 Poker
5,bogyy,888 Poker
5,armada777,888 Poker
5,sheeeeeeeeet,888 Poker
5,Le_Piaf,888 Poker
5,TREK160,888 Poker
5,EstorilBlue,888 Poker
5,Mistk0rper,888 Poker
5,JJAAK,888 Poker
5,joeieie,888 Poker
5,who.is.sweet,888 Poker
5,ProdanYM,888 Poker
5,BrittneySpew,888 Poker
5,kipixer666,888 Poker
5,Argirdi,888 Poker
5,Alfisback,888 Poker
5,BetandoBaixo,888 Poker
5,catlllhat,888 Poker
5,Obv10us,888 Poker
5,Bmm59,888 Poker
5,Nuddi01,888 Poker
5,Gilberto.gyn,888 Poker
5,Marinus10,888 Poker
5,Dr.Shitface,888 Poker
5,bradyc08,888 Poker
5,andreyvolkan,888 Poker
5,Jorgen_Ost,888 Poker
5,radupmkpkr,888 Poker
5,razorsharp91,888 Poker
5,andrey.v1977,888 Poker
5,georgi671,888 Poker
5,daltin25,888 Poker
5,notsimple102,888 Poker
5,OMGTHATEDGE,888 Poker
5,YetiCara,888 Poker
5,TxiiN,888 Poker
5,Vabanki11111,888 Poker
5,Dollyzada,888 Poker
5,onecombo,888 Poker
5,Mummert97,888 Poker
5,idexample,888 Poker
5,codanit,888 Poker
5,Vicco.88,888 Poker
5,GUDIAS,888 Poker
5,Kallem28,888 Poker
5,lStylishl,888 Poker
5,Mica.Tortoro,888 Poker
5,Boasovietica,888 Poker
5,acezzkingzzz,888 Poker
5,Wall7824,888 Poker
5,vluiz11,888 Poker
5,Sr.Huana,888 Poker
5,lucasbighead,888 Poker
5,138Rach,888 Poker
5,JegueNu,888 Poker
5,macaxeiraRN,888 Poker
5,1oldsarpe1,888 Poker
5,hillhouse,888 Poker
5,FoxTales15,888 Poker
5,IJoldes,888 Poker
5,WakeUpBuddy,888 Poker
5,Aokiw,888 Poker
5,ArthurM,888 Poker
5,Mowin,888 Poker
5,MajoRocha,888 Poker
5,groovyjens,888 Poker
5,Mila_Tiger,888 Poker
5,Parenel,888 Poker
5,Juliusb03,888 Poker
5,SuaveChap,888 Poker
5,thiagopirani,888 Poker
5,ternoz,888 Poker
5,ionutst.05,888 Poker
5,apolo2025,888 Poker
5,Jefffryyy,888 Poker
5,ClickXR,888 Poker
5,DujaDuja,888 Poker
5,Fzeboss,888 Poker
5,h2so4MiMi,888 Poker
5,AdamC1987,888 Poker
5,Rhjoka,888 Poker
5,Don_Glover,888 Poker
5,victorhugoll,888 Poker
5,Trabuca,888 Poker
5,Marklewis902,888 Poker
5,NuErDetnok,888 Poker
5,Knuckles123,888 Poker
5,i_lucky,888 Poker
5,Moody301,888 Poker
5,Wizard111,888 Poker
5,lucasbos5,888 Poker
5,lucianorcc14,888 Poker
5,Einzshtein,888 Poker
5,23Gab23,888 Poker
5,c4beca,888 Poker
5,benmacca93,888 Poker
5,roban508,888 Poker
5,Nescau10,888 Poker
5,Turbienator,888 Poker
5,FieRabbit,888 Poker
